day,daily_total_gdp,dam_storage,downstream_storage,upstream_storage,river_discharge_downstream,houses_damaged_by_inundation,financial_damage_by_innundation,financial_damage_by_flood
0,5208918868.602739,44520000.0,0.0,0.0,0.0,0.0,0.0,0.0
1,5208916361.488588,44520000.0,2620618.742136,2295059.8716479996,2710295.89277328,0.0,0.0,0.0
2,5208913854.374437,44554425.89807472,385859.25917530013,1474279.6229788149,5667700.217145997,0.0,0.0,0.0
3,5208911347.260286,40121097.50261193,938064.0330010001,1543925.5667276194,1437731.4734785054,0.0,0.0,0.0
4,5208908840.146135,40144256.38611284,27231846.933420002,24612934.38239149,28663269.489494454,0.0,0.0,0.0
5,5208906333.031983,40513450.40184871,4469103.1473284215,12845978.184398487,11296084.65697555,0.0,0.0,0.0
6,5208903825.917832,40706140.07461469,5550203.690150999,11270003.13362893,10124114.078557385,0.0,0.0,0.0
7,5208901318.803682,40875190.12161912,2610239.1552810003,7909305.17314695,6364541.019009378,0.0,0.0,0.0
8,5208898811.689531,40993829.69921632,765502.2967127,4609204.308375617,3244338.333025806,0.0,0.0,0.0
9,5208896304.575379,41062967.76384196,10128903.386050003,11157510.443336532,11823915.264405038,0.0,0.0,0.0
10,5208893797.461228,41230330.42049201,36906202.004810005,37895165.01693083,41957089.590462506,0.0,0.0,0.0
11,5208891290.347078,41798757.89574597,8263057.593844485,20268185.96856798,18144480.127542526,0.0,0.0,0.0
12,5208888783.232926,42102780.68527449,6244247.458090001,15590268.869897325,13398081.502062945,0.0,0.0,0.0
13,5208886276.118775,42336634.71832295,515217.52884739917,8230527.918860558,5539574.5581587935,0.0,0.0,0.0
14,5208883769.004624,42460092.63710586,19390202.579020005,21082267.99433559,22464320.75427945,0.0,0.0,0.0
15,5208881261.890473,42776326.6570209,15033599.916437205,22393427.783402234,21926291.791419696,0.0,0.0,0.0
16,5208878754.776322,43112228.07377193,2147275.9425458647,12907537.645803727,9672680.074939262,0.0,0.0,0.0
17,5208876247.66217,43305841.13845899,7050889.122425,12609729.246499874,11264665.035964683,0.0,0.0,0.0
18,5208873740.54802,43494987.077156484,4350009.492582,10102603.550674643,8511547.064096376,0.0,0.0,0.0
19,5208871233.433869,43646526.1304166,2963964.0455899998,7634252.033540556,6232237.6902147215,0.0,0.0,0.0
20,5208868726.319718,43761039.91091971,2274365.052678,5795709.440109985,4710428.008630608,0.0,0.0,0.0
21,5208866219.205566,43847975.55252136,1528591.6291830004,4222306.410439292,3360892.4349304363,0.0,0.0,0.0
22,5208863712.091415,43911310.14867795,1774142.9570809999,3651518.3128830804,3119567.0602542083,0.0,0.0,0.0
23,5208861204.977265,43966082.923371196,1071563.5570166,2750276.5015724394,2244573.060680707,0.0,0.0,0.0
24,5208858697.863113,44007337.070894785,1681698.6325379997,2829790.371547536,2581832.225318317,0.0,0.0,0.0
25,5208856190.748962,44049783.926468,815662.2097990001,2115053.170880229,1746424.4047844396,0.0,0.0,0.0
26,5208853683.634811,44081509.7240312,796567.9157746001,1739056.6116269599,1477544.2217378344,0.0,0.0,0.0
27,5208851176.520661,44107595.573205605,11382972.828830004,10822686.737287765,12310839.811118735,0.0,0.0,0.0
28,5208848669.406509,44269935.87426492,631661.4504809994,5950444.821309052,4446515.055366141,0.0,0.0,0.0
29,5208846162.292358,44359192.546584554,413227.15131979994,3320188.340882482,2277978.5121524786,0.0,0.0,0.0
30,5208843655.178207,44408995.37169779,4195058.620868,5314078.605364626,5300169.705435206,0.0,0.0,0.0
31,5208841148.064056,44488706.55077826,3438357.7330119996,5653891.405033285,5307045.629072351,0.0,0.0,0.0
32,5208838640.949905,44573514.92185376,1838007.8258880002,4418427.397443486,8205135.936965629,0.0,0.0,0.0
33,5208836133.835754,40182439.84063003,1554688.5059729998,3550356.3805337,2998651.871718093,0.0,0.0,0.0
34,5208833626.721603,40235695.18633804,5234271.4074800005,6346822.165129967,6522572.997768508,0.0,0.0,0.0
35,5208831119.607452,40330897.51881499,22995.22937094979,3167121.082771359,2149763.646142551,0.0,0.0,0.0
36,5208828612.493301,40378404.33505656,18197774.39395,17492729.27869629,19757202.544151638,0.0,0.0,0.0
37,5208826105.379149,40640795.274237,3040235.403797183,10408073.1737815,8652090.223949302,0.0,0.0,0.0
38,5208823598.264998,40796916.371843725,179542.78398430021,5340444.44203119,3565897.2184411,0.0,0.0,0.0
39,5208821091.150847,40877023.038474195,3868187.93356,6028003.726684939,5558992.179071557,0.0,0.0,0.0
40,5208818584.036696,40967443.09437447,15744300.180884998,16789586.1746843,18208825.125144694,0.0,0.0,0.0
41,5208816076.922545,41219286.886994734,14177518.590620145,20454991.703007605,20234226.1386221,0.0,0.0,0.0
42,5208813569.808394,41526111.76253985,304697.5980858002,10473613.09666297,7197803.587427258,0.0,0.0,0.0
43,5208811062.694243,41683215.95898979,5879595.1034200005,10366437.608268041,9221355.384371135,0.0,0.0,0.0
44,5208808555.580092,41838712.52311381,2289056.115934,7166143.10215595,5641709.512267976,0.0,0.0,0.0
45,5208806048.46594,41946204.66964615,873357.7705989997,4325289.140103612,3090262.166619554,0.0,0.0,0.0
46,5208803541.35179,42011084.00674771,73115.25507466006,2193238.12736467,1333681.0538251959,0.0,0.0,0.0
47,5208801034.237639,42043982.57865818,9880477.06878,9727714.331448693,10814739.64100135,0.0,0.0,0.0
48,5208798527.123488,42189898.29362991,29338683.539710008,30539795.00170296,33703412.60676256,0.0,0.0,0.0
49,5208796020.009336,42647995.21865545,6190581.716083109,16761721.695469141,14651259.552664574,0.0,0.0,0.0
50,5208793512.895186,42899421.04408749,15903.876342180185,8361399.692367133,5655137.9204554865,0.0,0.0,0.0
51,5208791005.781035,43024842.039473,23297.281754249998,4163058.057094441,2511922.4035629136,0.0,0.0,0.0
52,5208788498.666883,43087287.91032942,6526325.632482999,7759608.199881274,7886939.798273126,0.0,0.0,0.0
53,5208785991.552732,43203682.03332764,44294082.5775,42658368.54379979,48381688.98040382,0.0,0.0,0.0
54,5208783484.438581,43843557.561484635,15337545.290783018,26903405.599320583,26054432.984241266,0.0,0.0,0.0
55,5208780977.32443,44247108.64547444,3752313.7882758304,16487071.615607975,13179857.560146067,0.0,0.0,0.0
56,5208778470.210279,44494414.71970856,4402010.351822001,12074885.675514853,9792025.95586612,0.0,0.0,0.0
57,5208775963.096128,44675538.00484128,2961516.87859,8607160.683567567,11263029.503204625,0.0,0.0,0.0
58,5208773455.981977,40337091.61461067,3537548.033268,7376392.493478242,6274548.957447015,0.0,0.0,0.0
59,5208770948.867826,40447737.50201285,349732.59646030003,3965406.997565884,2652418.5725558735,0.0,0.0,0.0
60,5208768441.753675,40507218.60697634,4090914.390898,5533187.0847154595,5366677.081284894,0.0,0.0,0.0
61,5208765934.639524,40590216.41324707,10861749.721843,12263718.018704306,13033855.123463158,0.0,0.0,0.0
62,5208763427.525373,40774172.18352763,3128570.862482,8853422.787619036,7426667.326026402,0.0,0.0,0.0
63,5208760920.411222,40906973.52534192,1718852.3856379995,5909138.506138562,4594175.379870353,0.0,0.0,0.0
64,5208758413.297071,40995610.602933995,1223815.405061,4002727.244818877,3063283.904825301,0.0,0.0,0.0
65,5208755906.1829195,41055651.511606276,62781.01422417001,2021228.5033632563,1253764.8451213029,0.0,0.0,0.0
66,5208753399.068769,41085969.939156726,6956338.5068500005,7082556.122447996,7751568.082506798,0.0,0.0,0.0
67,5208750891.954618,41192208.28099345,31164012.44942,30819364.66857565,34659648.17529005,0.0,0.0,0.0
68,5208748384.8404665,41654498.751022086,8008549.400265645,18014322.09304911,16401671.915918898,0.0,0.0,0.0
69,5208745877.7263155,41924713.58241782,5369252.532768,13674057.225935206,11704779.995647315,0.0,0.0,0.0
70,5208743370.6121645,42129824.44080685,35397690.53247,37816155.68645294,40991773.5739135,0.0,0.0,0.0
71,5208740863.4980135,42697066.776103646,15159860.004003584,26664300.688961465,25346772.41262575,0.0,0.0,0.0
72,5208738356.3838625,43097031.28643807,223884.4764277134,13320394.688854152,9250834.149433114,0.0,0.0,0.0
73,5208735849.2697115,43296837.20677088,10842331.739599999,16108792.226398326,15245698.162586398,0.0,0.0,0.0
74,5208733342.1555605,43538469.09016686,29239240.7494,33637287.60033955,35466248.34363964,0.0,0.0,0.0
75,5208730835.0414095,44043028.40417195,22884319.48249084,32955369.87400087,32769753.65779833,0.0,0.0,0.0
76,5208728327.9272585,44537358.95228197,3712581.130272988,17492130.54205919,18210868.981517226,0.0,0.0,0.0
77,5208725820.813107,40346005.015184656,242851.6420537997,8925797.258409252,5833919.168606936,0.0,0.0,0.0
78,5208723313.698956,40479891.974060796,2728212.3259679996,6820860.206180619,5402238.337573754,0.0,0.0,0.0
79,5208720806.5848055,40582204.87715351,12903479.737999998,14676275.404353712,15384521.320747595,0.0,0.0,0.0
80,5208718299.4706545,40802349.00821882,35800587.78882,38667099.824903995,41983989.63404925,0.0,0.0,0.0
81,5208715792.356503,41382355.505592376,10327297.493688423,22747456.797838762,20631163.233350255,0.0,0.0,0.0
82,5208713285.242352,41723567.35755996,1610459.0100500006,12734328.0800684,9391416.47256479,0.0,0.0,0.0
83,5208710778.128201,41914582.278760985,9040832.478430003,14250700.105340786,13252884.833324766,0.0,0.0,0.0
84,5208708271.01405,42128342.780341096,1585587.1562699983,8457550.800703641,6221715.483448612,0.0,0.0,0.0
85,5208705763.899899,42255206.04235165,2342412.41779,6226774.470074693,4952207.4786514295,0.0,0.0,0.0
86,5208703256.785748,42348607.659402765,9716375.8078,11609069.536783602,11937868.583260609,0.0,0.0,0.0
87,5208700749.671597,42522743.70245452,307486.14488230087,6036292.983843903,4202329.013578662,0.0,0.0,0.0
88,5208698242.557446,42613288.09721218,14038609.667030001,15287780.26750112,16327648.308025124,0.0,0.0,0.0
89,5208695735.443295,42842604.8012247,4069560.1237540003,11180092.903149644,9413569.685146702,0.0,0.0,0.0
90,5208693228.329144,43010306.194771945,3258289.715014,8392756.465881383,6916560.281168807,0.0,0.0,0.0
91,5208690721.214993,43136197.54176017,2449372.32932,6307555.507184207,5135887.296507842,0.0,0.0,0.0
92,5208688214.1008415,43230810.87436793,2509151.2929430003,5317465.396628469,4528333.833751858,0.0,0.0,0.0
93,5208685706.9866905,43310572.855317354,2178435.386523,4527272.836605346,3900368.496067408,0.0,0.0,0.0
94,5208683199.8725395,43378481.94786643,697414.7404815,2829138.7557786196,2128114.299775475,0.0,0.0,0.0
95,5208680692.7583885,43420919.02920311,6406458.642440001,6996863.732251523,7467051.248075693,0.0,0.0,0.0
96,5208678185.644237,43525871.98518688,727723.4651854001,4102724.1981240683,3124699.5906898836,0.0,0.0,0.0
97,5208675678.530086,43587412.84815875,256263.22563649993,2234762.5604627933,1520222.805264828,0.0,0.0,0.0
98,5208673171.415935,43620934.28656569,1120485.0740450001,2076321.1226867689,1799598.903906545,0.0,0.0,0.0
99,5208670664.3017845,43652079.10340599,29915731.276349995,27216704.13191651,31577832.903946042,0.0,0.0,0.0
100,5208668157.187633,44060329.66538474,5382459.416699525,14235163.942503482,12715270.293334913,0.0,0.0,0.0
101,5208665650.073482,44273857.12452229,956926.8538174005,7899526.575469186,5863253.419280596,0.0,0.0,0.0
102,5208663142.959331,44392350.023154326,1489889.5391269997,5191314.833685556,3956154.341005167,0.0,0.0,0.0
103,5208660635.84518,44470219.74565961,584277.8915414999,3055437.4504279224,2146073.240246144,0.0,0.0,0.0
104,5208658128.731029,44516051.30741603,191182.46031290008,1664596.257446882,1074702.8374977682,0.0,0.0,0.0
105,5208655621.616878,44541020.25127773,163329.5972494,958691.3646681722,5082986.311703956,0.0,0.0,0.0
106,5208653114.502727,40101298.59661998,1339602.7517884998,1642942.9752054042,1648921.9872903167,0.0,0.0,0.0
107,5208650607.388576,40125942.74124806,513770.10154239996,1254986.6164938482,1066450.4775619751,0.0,0.0,0.0
108,5208648100.274424,40144767.54049546,729580.8937285999,1253888.6672667856,1147567.7681792886,0.0,0.0,0.0
109,5208645593.160273,40163575.87050446,2189090.927445,2531546.1062207255,2663377.9463826614,0.0,0.0,0.0
110,5208643086.046122,40201549.06209777,512236.10210600006,1689058.7196561554,1380712.775402418,0.0,0.0,0.0
111,5208640578.931971,40226884.94289262,454946.62707700004,1226067.4836675161,997941.0735169002,0.0,0.0,0.0
112,5208638071.81782,40245275.95514763,688734.2504648,1203946.0181234828,1086978.6580768356,0.0,0.0,0.0
113,5208635564.703669,40263335.145419486,138316.2108462,711066.7683021065,523030.89407292556,0.0,0.0,0.0
114,5208633057.589518,40274001.146944016,376456.14953369997,678111.8041396323,600314.1828968228,0.0,0.0,0.0
115,5208630550.475367,40284172.82400611,38610730.11434,34146402.67514841,40143379.18010934,0.0,0.0,0.0
116,5208628043.361216,40796368.864133336,26070677.27071441,33535705.827914868,35239432.06485063,0.0,0.0,0.0
117,5208625536.247065,41299404.451552056,5922197.619955901,18879038.957071286,16156897.949918877,0.0,0.0,0.0
118,5208623029.132914,41582590.035908125,3520082.74634,12470115.611171342,9916588.610779949,0.0,0.0,0.0
119,5208620522.018763,41769641.770075694,587827.363324,6685493.7482583085,4469694.599495834,0.0,0.0,0.0
120,5208618014.904612,41869924.17629957,20716.870829629945,3294035.1553234113,1929705.9955060408,0.0,0.0,0.0
121,5208615507.79046,41919334.70362943,168.56938485920182,1614224.8541569773,880915.2617750196,0.0,0.0,0.0
122,5208613000.67631,41943548.07644178,7677.915494657,797694.2683353949,420952.0868464083,0.0,0.0,0.0
123,5208610493.562159,41955513.49046681,1761.969596815,392413.2719987635,200979.36765105714,0.0,0.0,0.0
124,5208607986.448007,41961399.68954679,9551.63108585,200647.53740719412,106187.2156717547,0.0,0.0,0.0
125,5208605479.333856,41964409.4026079,9868631.772843,8740971.184853524,10255889.325190652,0.0,0.0,0.0
126,5208602972.219706,42095523.97038071,15533840.22011,17936607.621837765,19154108.534918025,0.0,0.0,0.0
127,5208600465.105555,42364573.08470827,7737128.446820974,15432239.501022467,14019626.176820397,0.0,0.0,0.0
128,5208597957.991403,42596056.67722361,1134604.5654603997,8648748.136222837,6214747.986619877,0.0,0.0,0.0
129,5208595450.877252,42725787.89926695,845411.6128924,5006837.818422841,3455609.7686441783,0.0,0.0,0.0
130,5208592943.763101,42800890.466543294,10364947.0383,11535786.620559301,12150146.99352275,0.0,0.0,0.0
131,5208590436.648951,42973927.265851684,1128565.1876260005,6686724.964457492,5038830.267381331,0.0,0.0,0.0
132,5208587929.534799,43074228.14031854,59111.022345939884,3328262.9060640913,2095472.6761422786,0.0,0.0,0.0
133,5208585422.420648,43124152.083909504,154618.9926835,1766259.5343494047,1090354.4204360254,0.0,0.0,0.0
134,5208582915.306497,43150645.97692475,42140.81601567,902372.8438547683,520641.15888996184,0.0,0.0,0.0
135,5208580408.192346,43164181.56958257,1125021.4882786,1427423.0180736366,1399374.5438625664,0.0,0.0,0.0
136,5208577901.078194,43185592.91485367,323851.2143172999,983056.5304524819,793084.4083208495,0.0,0.0,0.0
137,5208575393.964043,43200338.762810454,30966.42818584002,508817.17577483616,333711.7934900443,0.0,0.0,0.0
138,5208572886.849893,43207971.020447075,204191.3121829,428145.0880268697,355614.44498962245,0.0,0.0,0.0
139,5208570379.735742,43214393.19676748,631800.1616646,763102.8643659661,782642.6738375807,0.0,0.0,0.0
140,5208567872.62159,43225839.739732966,17189976.321970005,15428389.875499323,18030988.070478737,0.0,0.0,0.0
141,5208565365.507439,43457265.58786546,33093105.079899117,35956141.41560073,39260321.34856238,0.0,0.0,0.0
142,5208562858.393288,43996607.70909947,12837471.81343564,24296750.52886931,22831892.881987788,0.0,0.0,0.0
143,5208560351.279137,44361058.967032515,497594.7019449994,12492953.95036143,8795530.863362364,0.0,0.0,0.0
144,5208557844.164986,44548453.276287936,509.90328978036996,6150586.973807898,8217903.8070221385,0.0,0.0,0.0
145,5208555337.050835,40185866.75326626,38281.629338139996,3047313.52839539,1735243.5128794885,0.0,0.0,0.0
146,5208552829.936684,40231576.45619219,18981203.239780005,18116356.30595374,20428948.645251866,0.0,0.0,0.0
147,5208550322.822533,40503321.800781496,11694479.755011752,18084074.589293186,17674176.432043362,0.0,0.0,0.0
148,5208547815.708382,40774582.919620894,5186187.454950001,13507513.989111144,11457522.24262447,0.0,0.0,0.0
149,5208545308.59423,40977195.62945756,104.49775923136622,6641163.733604873,4263310.542557943,0.0,0.0,0.0
150,5208542801.480079,41076813.08546164,1695.228155175,3255654.8598132874,1892720.9826693183,0.0,0.0,0.0
151,5208540294.365929,41125647.908358835,2475730.7650769996,3763442.176344511,3428134.3275972824,0.0,0.0,0.0
152,5208537787.251778,41182099.541004,10107449.648765001,10695890.143428814,11623473.478376335,0.0,0.0,0.0
153,5208535280.137626,41342537.89315543,11371857.940267,15260831.916242775,15425799.191073254,0.0,0.0,0.0
154,5208532773.023475,41571450.371899076,802404.7545519993,8231627.289394038,5946610.15539606,0.0,0.0,0.0
155,5208530265.909325,41694924.78123999,141689.7745067001,4157585.0578386784,2622593.5570563446,0.0,0.0,0.0
156,5208527758.795173,41757288.55710757,16127579.075199999,16161270.271940952,17837623.98294107,0.0,0.0,0.0
157,5208525251.681022,41999707.61118668,37893448.824756294,40809365.169310406,44496233.90787361,0.0,0.0,0.0
158,5208522744.566871,42611848.08872634,7984258.167603947,21210177.05309183,18677247.953055866,0.0,0.0,0.0
159,5208520237.45272,42930000.74452272,17965.220113940537,10526456.021585481,7201250.964253544,0.0,0.0,0.0
160,5208517730.338569,43087897.584846504,56677.812834899996,5211100.348283593,3189214.842409924,0.0,0.0,0.0
161,5208515223.224418,43166064.090070754,20372.48533625,2571280.7867739606,1453341.7098850955,0.0,0.0,0.0
162,5208512716.110267,43204633.301872365,220225.20794730005,1452794.2659556407,899019.6316354781,0.0,0.0,0.0
163,5208510208.996116,43226425.2158617,5892020.090033999,5871924.964230264,6478981.187288045,0.0,0.0,0.0
164,5208507701.881965,43314504.090325154,17317701.16525,18068229.547418572,19918958.976865515,0.0,0.0,0.0
165,5208505194.767813,43585527.533536434,30861024.6248056,35284195.20246132,37743317.12150679,0.0,0.0,0.0
166,5208502687.653663,44114790.461573355,12185809.672718655,23972179.192084935,22181081.505186155,0.0,0.0,0.0
167,5208500180.539512,44474373.14945463,399901.1466065999,12236421.571916666,8494896.84874969,0.0,0.0,0.0
168,5208497673.42536,44657919.47303338,75545.01408022997,6070134.768477383,8190791.177977062,0.0,0.0,0.0
169,5208495166.311209,40283179.54725721,2140461.400625,4848918.404053918,3884312.0791198844,0.0,0.0,0.0
170,5208492659.197058,40355913.32331802,23740355.7347,23167066.75758642,25987549.549363036,0.0,0.0,0.0
171,5208490152.082908,40703419.32468182,6925051.647569653,15169164.476693984,13742248.043321494,0.0,0.0,0.0
172,5208487644.968756,40930956.79183223,7615894.63816,14147660.742862944,12933421.487618519,0.0,0.0,0.0
173,5208485137.854605,41143171.70297518,31807117.86045,34893851.431875035,37499673.289342396,0.0,0.0,0.0
174,5208482630.740454,41666579.4744533,22836550.128484145,32866733.401888974,32828000.392853122,0.0,0.0,0.0
175,5208480123.626303,42159580.47548164,18305757.743528247,30240953.798492447,28895406.835497346,0.0,0.0,0.0
176,5208477616.512152,42613194.78245902,28236648.97501348,38812964.375368424,38744609.703595564,0.0,0.0,0.0
177,5208475109.398001,43195389.248089544,38210117.62966735,49223784.486841,50386311.697260946,0.0,0.0,0.0
178,5208472602.28385,43933746.01539216,30081576.37971597,44694485.780702606,44155052.8514763,0.0,0.0,0.0
179,5208470095.169699,44604163.3021027,14915868.865549048,31280759.55380878,32697144.919768415,0.0,0.0,0.0
180,5082206396.887155,40612958.36519956,53344230.59577755,62216358.48628939,65509776.435383946,4608.533477646352,126261191.16839321,0.0
181,4516597316.1768265,41546203.7424939,87712574.20700051,97688117.57552889,105745740.19481796,23499.50873935696,643822157.2426565,0.0
182,4954851559.580555,43011525.506126836,45252289.79091518,69199010.41572073,69367812.53574406,123.00317601974768,3369950.027938293,0.0
183,4949154617.904051,44049510.66236265,22294504.55522699,46004870.59755235,42607118.51906048,0.0,0.0,0.0
184,4769761230.216762,44739583.721325934,57686595.938572384,71439193.9644663,78569123.26175088,6647.302677822621,182117881.5841814,0.0
185,4889773819.679442,41337213.25866034,26369994.177398868,47427728.349885926,44790898.35152962,0.0,0.0,0.0
186,4892972538.764279,42048629.18390863,29409217.36992563,46312496.88301941,44775127.69864677,0.0,0.0,0.0
187,4895851545.33609,42743316.637153916,26762901.914301056,42639659.492378846,40878082.27016519,0.0,0.0,0.0
188,4898443207.632666,43382911.5295396,24558770.896421522,39571856.513217635,37746501.0424022,0.0,0.0,0.0
189,4900776827.030114,43976489.377237864,16758076.735346427,31782655.611890536,28952175.421915542,0.0,0.0,0.0
190,4902878954.787978,44453229.21141622,17437966.93243102,30531982.712060817,28135769.294221275,0.0,0.0,0.0
191,4904773676.836445,44911208.95209713,22075500.26556701,33790865.15490341,36814570.869025856,0.0,0.0,0.0
192,4906482869.806142,40926951.03421097,4819400.056717254,19081064.0071057,14928886.41487144,0.0,0.0,0.0
193,4908026431.180802,41213166.99431756,901509.9077915,10242129.02239722,6892855.038732892,0.0,0.0,0.0
194,4909422486.164924,41366798.92965352,11270705.44393,14914327.437782776,14605564.473781569,0.0,0.0,0.0
195,4907285254.984615,41590513.84122026,6913893.11499,13430369.71940754,12005502.457216734,0.0,0.0,0.0
196,4887095226.258846,41791969.38701137,5519415.7381730005,11478399.124956021,10005724.413477894,0.0,0.0,0.0
197,4912884054.772086,41964145.37388571,1989911.398883,7390255.047580487,5671441.757653503,0.0,0.0,0.0
198,4913842014.816052,42074999.19959942,3239672.388233,6478919.500131821,5578066.634180724,0.0,0.0,0.0
199,4914722395.857166,42172182.9921014,10828816.18021,12674934.211552523,13209553.793914711,0.0,0.0,0.0
200,4915535996.076307,42362307.00527469,7259193.273024002,12639449.867224764,11775992.086092532,0.0,0.0,0.0
201,4916292806.7593975,42551898.75328306,2075849.7140300004,8059223.479534395,6266290.222718338,0.0,0.0,0.0
202,4917002099.921134,42672787.105476074,3857678.5029030005,7339506.4865897745,6446108.683138288,0.0,0.0,0.0
203,4917672506.92899,42782879.70277492,19569738.26622,20748662.875888556,22536653.88104832,0.0,0.0,0.0
204,4918312089.030262,43094109.64591325,20650452.314194392,27089343.567951374,27681183.533589326,0.0,0.0,0.0
205,4918928400.594475,43500449.79943252,6216823.270408643,17333399.792537797,14698506.665850304,0.0,0.0,0.0
206,4919528545.802079,43760450.79632059,3510501.367779999,11665877.57620306,9229575.614483744,0.0,0.0,0.0
207,4920119229.437123,43935438.959963635,1557317.051233,7135572.57142514,5190565.4180927705,0.0,0.0,0.0
208,4920706802.3756275,44042472.54853501,4672368.75555,7591369.559271644,6919422.3121189205,0.0,0.0,0.0
209,4921297302.302087,44156343.091924086,6102763.77823,9064389.905683108,8699905.27678296,0.0,0.0,0.0
210,4921896490.133121,44292308.940509334,2012213.2954599997,6219736.696429622,5028499.964443363,0.0,0.0,0.0
211,4922509882.5791855,44385604.99095578,1547803.761496,4403191.433378515,3515773.5491090785,0.0,0.0,0.0
212,4923142781.232093,44451652.862456456,1745826.2119200004,3686506.4209154723,3137832.0535705537,0.0,0.0,0.0
213,4923800298.527063,44506950.458770186,8236671.80958,9019820.089688584,9654963.91425493,0.0,0.0,0.0
214,4924487380.893079,44642247.76011551,3511284.317269,7516215.541996157,11151384.318494476,0.0,0.0,0.0
215,4925208829.3737335,40290766.2172339,1053692.3138734996,4605737.972876117,3497636.9690314536,0.0,0.0,0.0
216,4925969317.972418,40359852.28682704,9151812.94139,10271896.20833591,10851503.680866528,0.0,0.0,0.0
217,4926773409.950142,40513930.72995208,8038711.83389,12137045.038303724,11788572.18194539,0.0,0.0,0.0
218,4927625572.281313,40695986.40552664,13321879.077539999,17693953.325712916,17805563.62675219,0.0,0.0,0.0
219,4918427720.512803,40961395.705412336,6837597.6454799995,14784197.43194824,13001251.117995324,0.0,0.0,0.0
220,4849895791.245036,41183158.66689156,916136.8408770002,8125605.131801207,5682116.140643713,0.0,0.0,0.0
221,4825759756.181182,41305042.743868575,364504.17151060014,4300768.415743391,2754492.757154283,0.0,0.0,0.0
222,4862356755.58755,41369554.27010473,6658131.918466002,7938370.227802262,8078439.725514659,0.0,0.0,0.0
223,4866129020.585622,41488629.82352176,11105587.169135,13615744.01180311,14089102.444997078,0.0,0.0,0.0
224,4866120846.7571,41692865.98369881,5965972.900970001,11939585.616979372,10752425.929033266,0.0,0.0,0.0
225,4854278503.17146,41871959.7679535,1042922.5478330003,6764423.405282384,4910665.312326438,0.0,0.0,0.0
226,4887030334.934365,41973426.11903273,2351797.1592840003,5374201.4015003685,4442419.342439723,0.0,0.0,0.0
227,4938161738.194561,42054039.14005524,614616.0974101999,3171621.1661087805,2268780.4925547717,0.0,0.0,0.0
228,4939726568.184444,42101613.45754687,374073.4006062,1881696.7184949024,1308857.5224114116,0.0,0.0,0.0
229,4941385013.0036125,42129838.908324294,140148.63510070002,1044769.3940901022,680011.3500732947,0.0,0.0,0.0
230,4943141045.617274,42145510.44923565,3227650.60837,3338617.3102641497,3626769.089408921,0.0,0.0,0.0
231,4944998626.382251,42195589.70888961,1275012.3411512994,2752540.3299378334,2446944.3278262913,0.0,0.0,0.0
232,4946961704.699624,42236877.813838676,1014451.7751019999,2237171.4234055383,1931272.2546074889,0.0,0.0,0.0
233,4949034220.28197,42270435.38518976,14956583.754520003,14194744.752828714,16169894.072508467,0.0,0.0,0.0
234,4951220104.072224,42483356.55648219,38434761.2607524,40598970.43362181,44649808.38363674,0.0,0.0,0.0
235,4705777879.017799,43092341.11298651,62440261.81802945,68659076.21212448,74877848.49926953,9042.707093777937,247745399.82953253,0.0
236,4871459694.007746,44122227.25616838,26185678.994741313,44629165.619712345,43568790.33899642,0.0,0.0,0.0
237,4875025642.84403,44791664.74046407,12770449.287536068,30392454.26829977,31499939.778518043,0.0,0.0,0.0
238,4878618956.350286,40768385.08044216,13309074.63609,26810272.20646923,23855359.794589944,0.0,0.0,0.0
239,4882253690.313487,41170539.1635392,8081864.025159999,20420030.051467344,16982549.75042837,0.0,0.0,0.0
240,4885942912.210032,41476839.61431121,2029294.9529729998,11919101.56208504,8471699.002217257,0.0,0.0,0.0
241,4889698801.183835,41655626.13774249,3668157.222735001,9119025.937444624,7297534.873545147,0.0,0.0,0.0
242,4893532737.712279,41792411.52680416,15559993.23779,18132859.03807118,18836372.57316637,0.0,0.0,0.0
243,4897455383.990159,42064404.41237523,21323752.189673554,27424143.327822603,27988511.269512296,0.0,0.0,0.0
244,4901476755.958582,42475766.56229257,17922828.12887687,27579179.018920623,26726454.789846756,0.0,0.0,0.0
245,4905606287.813043,42889454.24757638,11681738.273830567,23087904.53319481,20792063.316221498,0.0,0.0,0.0
246,4909852889.741285,43235772.8155743,7142777.076353,17744489.247365765,14903703.576320473,0.0,0.0,0.0
247,4914224999.566419,43501940.15428479,13742751.49526,20861782.907449573,19791347.385132164,0.0,0.0,0.0
248,4918730628.903137,43814866.897896536,6916610.909869999,16429781.506626034,13947465.979473362,0.0,0.0,0.0
249,4923377404.373922,44061313.62049592,12670791.583560001,19258447.95734212,18283555.771891847,0.0,0.0,0.0
250,4928172604.377411,44350190.33985606,2132462.7633100003,11414665.676437786,8469084.308230603,0.0,0.0,0.0
251,4933123191.851702,44521410.325002626,570881.595555,6133555.582712503,8478086.69690231,0.0,0.0,0.0
252,4938235843.431097,40161272.626243055,11289201.707920002,12914233.07761421,13411905.980753338,0.0,0.0,0.0
253,4943516975.354751,40354986.122407265,22320057.43516,25974242.99140502,27410279.583312564,0.0,0.0,0.0
254,4948972766.449824,40744599.76727834,5255583.092046134,15498003.668292928,13059838.101058478,0.0,0.0,0.0
255,4954609178.479365,40977069.82230274,2697349.951323,10050389.20526581,7822396.521369034,0.0,0.0,0.0
256,4960431974.116049,41127825.66038173,15399650.53742,18465293.662451662,19002247.25179129,0.0,0.0,0.0
257,4966446732.776728,41404805.0653185,34994431.01139478,39611894.03998267,42247882.07074765,0.0,0.0,0.0
258,4872376269.61657,41998983.47591824,52095038.99812236,60013772.61437239,64204007.75422887,3660.3147143096708,100282594.91259372,0.0
259,4673318335.022762,42899190.065133825,63700335.54407056,75885068.79067297,80808113.50257353,9691.30457091588,265515193.72372273,0.0
260,4856762257.83004,44037466.09699392,22902138.512026772,45035910.32758487,42481740.80273317,0.0,0.0,0.0
261,4865516939.629463,44713004.7519077,2889198.176136885,22803460.079335667,21796780.39692452,0.0,0.0,0.0
262,4874297209.158001,40583756.17790697,1976405.4842100001,13079002.404868087,9270391.567573188,0.0,0.0,0.0
263,4883126993.876288,40779941.21397999,3074406.13181,9185897.428433552,7043316.943972923,0.0,0.0,0.0
264,4892028239.129599,40917729.67540649,5672313.724676001,9506311.868013924,8589432.503244549,0.0,0.0,0.0
265,4901021103.558392,41060324.3534267,5308176.714585999,9366929.291567773,8501901.012164108,0.0,0.0,0.0
266,4910124134.488241,41200828.29280022,3727285.8157400014,7900021.659305089,6851129.544610489,0.0,0.0,0.0
267,4919354425.300141,41319328.617689796,1780098.6418039997,5448343.9748465875,4324478.020916851,0.0,0.0,0.0
268,4928727756.582048,41401053.777312495,12779586.87034,13870380.310345855,14873069.121712217,0.0,0.0,0.0
269,4938258722.682325,41609109.48196768,13801142.339389998,18995820.36959885,19009474.488639783,0.0,0.0,0.0
270,4947960845.123615,41894046.78751166,24493429.633159995,30929114.105183236,31724306.96963017,0.0,0.0,0.0
271,4957846674.189757,42357983.49908941,9933692.1725703,21506919.38044178,19144416.151815806,0.0,0.0,0.0
272,4967927879.867028,42680587.28979604,3376724.248655998,13672270.926372204,10578847.978392215,0.0,0.0,0.0
273,4978215333.202787,42885671.35369162,2363846.2898369995,8868649.18503755,6646597.74018612,0.0,0.0,0.0
274,4988719179.03827,43018701.09146719,9947073.11991,13098341.12013819,12922917.382746194,0.0,0.0,0.0
275,4999448900.976514,43215176.20826926,1056845.2582313996,7418041.188575392,5388904.089639417,0.0,0.0,0.0
276,5010413379.360277,43326446.82609789,4029866.0673569995,7188562.380837599,6392336.089233201,0.0,0.0,0.0
277,5021620942.957281,43434275.26181045,457851.1695892997,3961966.9935650304,2738526.449447629,0.0,0.0,0.0
278,5033079414.980333,43493704.766713925,1081601.029925,2888597.806746865,2267337.4116548765,0.0,0.0,0.0
279,5044796154.007102,43537033.733815126,309948.815405,1686856.869845964,1177339.3995175867,0.0,0.0,0.0
280,5056778090.307812,43562336.58686282,1066.334954399499,827493.7306299884,484071.91648561554,0.0,0.0,0.0
281,5069031758.038288,43574748.99282227,79196.3124816,474829.7005974943,303293.1830802812,0.0,0.0,0.0
282,5081563323.710016,43581871.43833123,26781225.60204,23686866.588012774,27825857.601937186,0.0,0.0,0.0
283,5094378611.307711,43937174.437151425,32679569.176898632,37205336.19790746,40240433.79072574,0.0,0.0,0.0
284,5107483124.387825,44495254.48012004,5787113.5161032155,18857900.798605602,16150778.401131876,0.0,0.0,0.0
285,5120882065.45813,44778122.99209912,784.4959545927122,9378225.074510492,10827273.21197306,0.0,0.0,0.0
286,5134580352.908432,40440984.06900687,4173178.35677,8289552.4235834265,7104106.810375379,0.0,0.0,0.0
287,5148582635.735566,40565327.35536062,28442.073220130056,4136797.9264971022,2603071.9177817404,0.0,0.0,0.0
288,5162893306.281466,40627379.324258074,15533772.563140001,15644454.228322849,17231609.819829863,0.0,0.0,0.0
289,5177516511.181291,40862046.137682915,12549701.426464785,18510573.72475993,18197667.306559943,0.0,0.0,0.0
290,5192456160.698921,41139704.74355432,243629.27975090034,9425359.916258259,6456667.444186528,0.0,0.0,0.0
291,5207425658.6930895,41281085.14229819,2552499.689426,6905642.860389631,5450339.815011263,0.0,0.0,0.0
292,5207499517.091005,41384669.78520404,8106226.868204001,10519785.776810536,10461486.856883198,0.0,0.0,0.0
293,5207565738.783424,41542466.57185619,7660074.639570001,11943462.929027647,11397461.181557037,0.0,0.0,0.0
294,5207625087.456326,41721618.51579161,7195405.705904,12244233.129549593,11370739.49940414,0.0,0.0,0.0
295,5207678250.425548,41905282.01273485,5080515.4730170015,10546406.571085516,9245044.013115853,0.0,0.0,0.0
296,5207725846.273954,42063478.11130114,3703380.0171209993,8481942.518313669,7188979.991926243,0.0,0.0,0.0
297,5207768431.724875,42190707.249075845,6766756.479359999,10134248.410611011,9655032.438207474,0.0,0.0,0.0
298,5207806507.828184,42342720.97523501,4612931.38765,9076794.730960466,8075103.753598167,0.0,0.0,0.0
299,5207840525.52775,42478872.89619941,6564440.54641,10256510.462327946,9694961.420628756,0.0,0.0,0.0
300,5207870890.672147,42632720.55313433,2705043.412518,7469543.60280447,6143733.731151079,0.0,0.0,0.0
301,5207897968.524273,42744763.707176395,725264.2206965,4335973.059024312,3077186.6317532645,0.0,0.0,0.0
302,5207922087.819998,42809803.30306176,940021.334748,2952591.7326072427,2237113.0129198045,0.0,0.0,0.0
303,5207943544.420937,42854092.17905087,4830536.356310001,5678335.972046092,5861725.253849143,0.0,0.0,0.0
304,5207962604.601948,42939267.21863156,2875134.186706,5333278.84958739,4871103.32774492,0.0,0.0,0.0
305,5207979508.009867,43019266.40137537,15451.942177680321,2645569.58385112,1739677.594978824,0.0,0.0,0.0
306,5207994470.326361,43058949.945133135,1069497.1116214,2232962.8247022484,1870507.5856433318,0.0,0.0,0.0
307,5208007685.664494,43092444.38750367,15345087.350380003,14532922.4219441,16548514.943857573,0.0,0.0,0.0
308,5208019328.725632,43310438.22383283,2516526.748065572,9218344.049117897,7554271.943868371,0.0,0.0,0.0
309,5208029556.74065,43448713.3845696,210112.9668894997,4761991.356764488,3162918.102678255,0.0,0.0,0.0
310,5208038511.217021,43520143.25492107,7661821.197052999,9066110.359739177,9305323.123995794,0.0,0.0,0.0
311,5208046319.511181,43656134.91031716,9119297.28951,12488943.28775449,12452849.283462316,0.0,0.0,0.0
312,5208053096.243668,43843469.05963348,7180937.478795999,12507220.297770757,11605835.322302232,0.0,0.0,0.0
313,5208058944.572732,44031077.36410004,16433.607385119423,6239499.576362456,4103244.3538432955,0.0,0.0,0.0
314,5208063957.340593,44124669.857745476,0.0,3093143.037042402,1821939.1079857042,0.0,0.0,0.0
315,5208068218.10506,44171067.003301114,844556.2560504,2256439.2278642533,1705635.2270938046,0.0,0.0,0.0
316,5208071802.067989,44204913.591719076,4394331.717580001,4956533.020602247,5195551.936468943,0.0,0.0,0.0
317,5208074776.910903,44279261.58702811,90014.8923061993,2525275.913124203,1753077.8166410942,0.0,0.0,0.0
318,5208077203.547034,44317140.72572497,28894.394612820004,1262690.0479706195,781053.718305767,0.0,0.0,0.0
319,5208079136.798169,44336081.07644453,745084.9058619998,1271241.3009216033,1118860.9429411003,0.0,0.0,0.0
320,5208080626.003802,44355149.69595835,1154559.0674754998,1634036.6944855857,1585147.196844546,0.0,0.0,0.0
321,5208081715.569384,44379660.246375635,617447.1961222998,1341419.8516343369,1169051.5095140142,0.0,0.0,0.0
322,5208082445.459723,44399781.54415015,25498.21049218008,679626.3009010651,449547.8673433149,0.0,0.0,0.0
323,5208082851.643074,44409975.93866367,550376.8696326,815020.5636983218,764590.2941293576,0.0,0.0,0.0
324,5208082966.490788,44422201.24711914,3224614.969682,3223381.8613881776,3593848.0256407075,0.0,0.0,0.0
325,5208082819.137017,44470551.97503997,1790055.1566700002,3163683.9359566728,2967394.695151019,0.0,0.0,0.0
326,5208082435.802441,44518007.234079316,3738665.14229,4842211.9228872955,4908693.5565569475,0.0,0.0,0.0
327,5208081840.085616,44590640.41292263,1779132.1547900003,3960728.7494305363,7922697.472884057,0.0,0.0,0.0
328,5208081053.225196,40190987.30287182,796896.9733654998,2660049.744514847,2091228.1704730955,0.0,0.0,0.0
329,5208080094.335927,40230888.04903954,16731221.75909,15967704.520889016,18115850.97320464,0.0,0.0,0.0
330,5208078980.621041,40470403.61685288,1221626.1501445994,8437588.603196219,6487454.244478607,0.0,0.0,0.0
331,5208077727.563415,40596967.44590082,10143291.288500002,13081748.144835025,13166480.191928359,0.0,0.0,0.0
332,5208076349.0976,40793193.66807335,4419515.657128,10395081.897260431,8941447.996378321,0.0,0.0,0.0
333,5208074857.764672,40949119.89653225,851560.2351406994,5925216.91583829,4196562.900654674,0.0,0.0,0.0
334,5208073264.851569,41037998.15026983,3399287.7042000005,5916221.862111144,5267441.206830766,0.0,0.0,0.0
335,5208071580.516515,41126741.47820149,1862723.348882,4567188.970188195,3788183.4160213326,0.0,0.0,0.0
336,5208069813.901888,41195249.31275432,3842728.471798,5632618.3531349385,5391470.985898262,0.0,0.0,0.0
337,5208067973.235811,41279738.58805134,3132959.6405700003,5544219.611589851,5077953.811269623,0.0,0.0,0.0
338,5208066065.923582,41362901.882225186,3462949.170244,5790668.56147337,5376205.788948148,0.0,0.0,0.0
339,5208064098.629948,41449761.91064729,3157477.662792,5646710.788629969,5146490.640859204,0.0,0.0,0.0
340,5208062077.353171,41534462.57247674,2088517.40203,4634257.799502197,3981287.358251466,0.0,0.0,0.0
341,5208060007.491676,41603976.43946927,2122320.4077029997,4157671.274938993,3657049.926992282,0.0,0.0,0.0
342,5208057893.904032,41666341.50859336,8791915.28825,9763390.820346203,10410022.247101668,0.0,0.0,0.0
343,5208055740.962941,41812792.37089855,1827697.047610999,6462044.450412576,5222119.298069227,0.0,0.0,0.0
344,5208053552.603828,41909723.03765474,252789.21296819998,3432915.9070865964,2294031.3495304375,0.0,0.0,0.0
345,5208051332.368568,41961216.77626104,2166316.007882,3598680.240680594,3233446.035753299,0.0,0.0,0.0
346,5208049083.4448395,42015196.97987125,789348.0677647002,2476872.8464296632,1949333.52695695,0.0,0.0,0.0
347,5208046808.701548,42052350.072567694,275049.2917797,1466220.8233311241,1037776.1157194942,0.0,0.0,0.0
348,5208044510.720698,42074343.38491766,16631866.77889,15287576.621243335,17626332.01061522,0.0,0.0,0.0
349,5208042191.8260975,42303657.03423631,8358966.2371641835,14375269.027043665,13680344.225672929,0.0,0.0,0.0
350,5208039854.10916,42519286.06964197,1453559.4736490007,8445278.818271311,6323484.706305402,0.0,0.0,0.0
351,5208037499.452161,42645965.25191604,13711797.711730001,16215102.150306031,16769113.889716672,0.0,0.0,0.0
352,5208035129.549137,42889191.784170635,12528367.90367,19069761.051414162,18420047.023688342,0.0,0.0,0.0
353,5208032745.924724,43175238.19994185,7843933.751103998,16393902.634781087,14445191.652663568,0.0,0.0,0.0
354,5208030349.951088,43421146.73946357,6785968.17982,14126998.001923552,12285889.071020946,0.0,0.0,0.0
355,5208027942.863174,43633051.70949242,4204134.587467,10734373.46001131,8836599.929227892,0.0,0.0,0.0
356,5208025525.772436,43794067.31139259,8481110.68415,12783276.911164142,12109734.98759463,0.0,0.0,0.0
357,5208023099.679174,43985816.465060055,3811430.213524999,9717497.419696428,8106310.256191773,0.0,0.0,0.0
358,5208020665.48366,44131578.9263555,2009465.2708699997,6606480.923878959,5131107.665850497,0.0,0.0,0.0
359,5208018223.996135,44230676.14021369,6763227.664546002,9211251.68589881,9001072.520768683,0.0,0.0,0.0
360,5208015775.945813,44368844.915502176,8493630.822375,12029520.040805701,11810750.754638495,0.0,0.0,0.0
361,5208013321.988991,44549287.71611426,6816061.568223,11973266.20522378,15505462.570893778,0.0,0.0,0.0
362,5208010862.716328,40273957.93758119,5597377.0086550005,10877156.06398432,9695259.14871474,0.0,0.0,0.0
363,5208008398.659418,40437115.278540954,3813004.8935140003,8765452.675691277,7437418.5965754725,0.0,0.0,0.0
364,5208005930.296699,40568597.06867632,4116119.0593900005,7974513.744135182,7016273.125053725,0.0,0.0,0.0
